{"height": 1.1985346489585404, "initial_pan": 154.3599179221987, "initial_tilt": 74.07070182803989, "initial_roll": -100.48091282221523}